n,k,count_time,aru_time,count_space_bytes,aru_space_bytes
1000,1000,5.7975E-5,9.66E-5,12000,8252
1000,10000,1.607918E-4,7.32584E-5,48000,8800
1000,100000,5.045168E-4,7.89666E-5,408000,10528
1000,1000000,0.0023041332,9.65336E-5,4008000,16000
1000,10000000,0.0097024916,3.30916E-5,40008000,33296
1000,100000000,0.0989314582,6.70332E-5,400008000,88000
